text,priority,category
I ordered this last week. Invoice amount does not match the order confirmation Please help.,Medium,Payments & Refunds
I need this for work tomorrow. General query about unit usage and setup I'm extremely frustrated!,Low,Other
I spent a lot on this. Requesting warranty repair for manufacturing defect Please respond soon.,Medium,Other
Invoice amount does not match the order confirmation,Medium,Payments & Refunds
Second order in a row with issues. General query about product usage and setup Hoping this gets resolved quickly.,Low,Other
I need this for work tomorrow. Received a different model than what was ordered I'm extremely frustrated!,High,Returns & Replacements
I've been a customer for years. Product malfunctioned within the warranty period I'm a bit frustrated.,Medium,Other
"outer packaging torn, item damaged on arrival",High,Product Quality
"I've been a customer for years. Still not delivered, tracking shows no movement",Low,Delivery
I spent a lot on this. Box arrived crushed and product has visible cracks I want a refund NOW!,High,Product Quality
Order Delayed By Over A Week Past Estimated Date,Medium,Delivery
I spent a lot on this. Refund not credited despite return being approved Can someone look into this?,Medium,Payments & Refunds
"I spent a lot on this. Wrong color variant delivered, bought black got white URGENT: please handle this immediately.",Critical,Returns & Replacements
I spent a lot on this. Invoice amount does not match the order confirmation I want a refund NOW!,Low,Payments & Refunds
I spent a lot on this. unit malfunctioned within the warranty period Hoping this gets resolved quickly.,Low,Other
I need this for work tomorrow. I am asking about accessory availability for the model URGENT: please handle this immediately.,Low,Other
I spent a lot on this. Package contained a completely different item Can someone look into this?,High,Returns & Replacements
Filing a warranty claim as per the 2-year coverage!!!,Low,Other
Second order in a row with issues. Charged twice for a single order,Medium,Payments & Refunds
I need this for work tomorrow. Requesting user manual in a regional language Hoping this gets resolved quickly.,Low,Other
Received a different model than what was purchased I'm extremely frustrated!,High,Returns & Replacements
Order delayed by over a week past estimated date Please help.,Low,Delivery
I've been a customer for years. I am requesting warranty repair for manufacturing defect Please respond soon.,Medium,Other
"Second order in a row with issues. Buttons are unresponsive, unit does not power on Can someone look into this?",High,Product Quality
Just received the package today. Box arrived crushed and product has visible cracks Please respond soon.,High,Product Quality
Just received the package today. Received a different model than what was ordered Please respond soon.,High,Returns & Replacements
"I ordered this last week. Still not delivered, tracking shows no movement",High,Delivery
"I need this for work tomorrow. Buttons are unresponsive, unit does not power on",Medium,Product Quality
I need this for work tomorrow. Received a different model than what was bought Please respond soon.,Critical,Returns & Replacements
"Buttons are unresponsive, unit does not power on",High,Product Quality
I ordered this last week. Asking about accessory availability for the model Please help.,Low,Other
Second order in a row with issues. Requesting warranty repair for manufacturing defect Please respond soon.,Low,Other
I need this for work tomorrow. Capacity/wattage different from product listing Hoping this gets resolved quickly.,High,Product Quality
I need this for work tomorrow. Order delayed by over a week past estimated date This has been inconvenient.,Low,Delivery
item malfunctioned within the warranty period I want a refund NOW!,Low,Other
"This was a gift for my mother. Heating element not working, device won't turn on Please respond soon.",Critical,Product Quality
"Heating element not functioning, device won't turn on I'm a bit frustrated.",High,Product Quality
"I ordered this last week. Buttons are unresponsive, unit does not power on I'm a bit frustrated.",High,Product Quality
"Just received the package today. Still not delivered, tracking shows no movement Please help.",High,Delivery
Just received the package today. Product dimensions do not match the listing Can someone look into this?,High,Returns & Replacements
item dimensions do not match the listing This is the third time this has happened.,Medium,Returns & Replacements
Second order in a row with issues. Charged twice for a single order This has been inconvenient.,Medium,Payments & Refunds
Second order in a row with issues. Invoice amount does not match the order confirmation URGENT: please handle this immediately.,Medium,Payments & Refunds
Just received the package today. Delivery partner missed the promised delivery window Please help.,High,Delivery
This was a gift for my mother. Charged twice for a single order Please help.,Medium,Payments & Refunds
I've been a customer for years. Charged twice for a single order Can someone look into this?,Medium,Payments & Refunds
"I've been a customer for years. Buttons are unresponsive, unit does not power on Can someone look into this?",Medium,Product Quality
Product features do not match what was advertised This is the third time this has happened.,Medium,Product Quality
"Heating element not functioning, device won't turn on Please respond soon.",High,Product Quality
Second order in a row with issues. Product dimensions do not match the listing,Medium,Returns & Replacements
Product dimensions do not match the listing This has been inconvenient.,Medium,Returns & Replacements
I've been a customer for years. Package contained a completely different item Please help.,High,Returns & Replacements
"I need this for work tomorrow. Still not delivered, tracking shows no movement",Medium,Delivery
I ordered this last week. item malfunctioned within the warranty period I'm very disappointed.,Medium,Other
"This was a gift for my mother. Wrong color variant delivered, ordered black got white This is unacceptable!",High,Returns & Replacements
Package contained a completely different unit,Critical,Returns & Replacements
"Outer packaging torn, item damaged on arrival Can someone look into this?",High,Product Quality
Just received the package today. Product malfunctioned within the warranty period URGENT: please handle this immediately.,Low,Other
I need this for work tomorrow. Product stopped working within a week of purchase This is the third time this has happened.,Medium,Product Quality
I've been a customer for years. Invoice amount does not match the order confirmation I want a refund NOW!,High,Payments & Refunds
"Still not delivered, tracking shows no movement Please help.",Medium,Delivery
unit stopped working within a week of purchase I'm very disappointed.,High,Product Quality
Just received the package today. Invoice amount does not match the order confirmation Please help.,High,Payments & Refunds
"I've been a customer for years. Still not delivered, tracking shows no movement Please help.",Medium,Delivery
Product stopped working within a week of purchase!!!,High,Product Quality
Capacity/wattage different from item listing,Low,Product Quality
item features do not match what was advertised URGENT: please handle this immediately.,High,Product Quality
Package contained a completely different product Please respond soon.,High,Returns & Replacements
"Wrong color variant delivered, ordered black got white I want a refund NOW!",High,Returns & Replacements
I've been a customer for years. Requesting warranty repair for manufacturing defect Please respond soon.,Medium,Other
"Still not delivered, tracking shows no movement I'm extremely frustrated!",High,Delivery
unit malfunctioned within the warranty period I'm a bit frustrated.,Medium,Other
I ordered this last week. Filing a warranty claim as per the 2-year coverage Please respond soon.,Medium,Other
Package contained a completely different item Please respond soon.,Medium,Returns & Replacements
item dimensions do not match the listing Please help.,Medium,Returns & Replacements
"Wrong color variant delivered, purchased black got white This is the third time this has happened.",High,Returns & Replacements
I need this for work tomorrow. Order delayed by over a week past estimated date Can someone look into this?,Medium,Delivery
I ordered this last week. General query about unit usage and setup Can someone look into this?,Low,Other
refund not credited despite return being approved,High,Payments & Refunds
Second order in a row with issues. Refund not credited despite return being approved Can someone look into this?,Low,Payments & Refunds
I ordered this last week. item dimensions do not match the listing Can someone look into this?,High,Returns & Replacements
I've been a customer for years. Material quality lower than shown in the images Please respond soon.,High,Product Quality
"I've been a customer for years. Outer packaging torn, item damaged on arrival Can someone look into this?",Critical,Product Quality
Filing a warranty claim as per the 2-year coverage Can someone look into this?,Low,Other
I spent a lot on this. Received a different model than what was ordered Can someone look into this?,High,Returns & Replacements
Second order in a row with issues. Product malfunctioned within the warranty period I want a refund NOW!,High,Other
unit features do not match what was advertised I'm very disappointed.,Low,Product Quality
Second order in a row with issues. Motor makes a loud noise and overheats quickly Hoping this gets resolved quickly.,Medium,Product Quality
"Just received the package today. Wrong color variant delivered, ordered black got white I'm very disappointed.",High,Returns & Replacements
Just received the package today. Order delayed by over a week past estimated date,Medium,Delivery
"I ordered this last week. Wrong color variant delivered, purchased black got white Please help.",Medium,Returns & Replacements
Second order in a row with issues. Invoice amount does not match the order confirmation Hoping this gets resolved quickly.,Medium,Payments & Refunds
"Second order in a row with issues. Wrong color variant delivered, ordered black got white Hoping this gets resolved quickly.",High,Returns & Replacements
I've been a customer for years. Invoice amount does not match the order confirmation,High,Payments & Refunds
I spent a lot on this. Delivery partner missed the promised delivery window,Medium,Delivery
I've been a customer for years. Invoice amount does not match the order confirmation Please help.,High,Payments & Refunds
I need this for work tomorrow. Requesting warranty repair for manufacturing defect This has been inconvenient.,Medium,Other
Material Quality Lower Than Shown In The Images,High,Product Quality
I ordered this last week. Received a different model than what was ordered I'm a bit frustrated.,High,Returns & Replacements
unit stopped working within a week of purchase Please help.,High,Product Quality
"I spent a lot on this. Buttons are unresponsive, unit does not power on I want a refund NOW!",High,Product Quality
Product features do not match what was advertised,High,Product Quality
This was a gift for my mother. Charged twice for a single order I'm extremely frustrated!,Medium,Payments & Refunds
Item too large to fit in the intended space Please respond soon.,Low,Returns & Replacements
"This was a gift for my mother. Buttons are unresponsive, unit does not power on Please help.",High,Product Quality
"I've been a customer for years. Heating element not working, device won't turn on This has been inconvenient.",High,Product Quality
Package contained a completely different product,Medium,Returns & Replacements
Refund Not Credited Despite Return Being Approved,Medium,Payments & Refunds
"Buttons are unresponsive, unit does not power on Please help.",Critical,Product Quality
This was a gift for my mother. Requesting warranty repair for manufacturing defect This has been inconvenient.,Low,Other
"I need this for work tomorrow. Heating element not working, device won't turn on Can someone look into this?",Medium,Product Quality
Just received the package today. Product malfunctioned within the warranty period This is unacceptable!,Medium,Other
This was a gift for my mother. Product dimensions do not match the listing Please respond soon.,Low,Returns & Replacements
"Heating Element Not Working, Device Won'T Turn On",High,Product Quality
Product Dimensions Do Not Match The Listing,Medium,Returns & Replacements
I need this for work tomorrow. Order delayed by over a week past estimated date,Medium,Delivery
Second order in a row with issues. Material quality lower than shown in the images Please help.,Low,Product Quality
Second order in a row with issues. Product dimensions do not match the listing This is unacceptable!,High,Returns & Replacements
I spent a lot on this. Requesting warranty repair for manufacturing defect This is the third time this has happened.,Low,Other
I ordered this last week. Filing a warranty claim as per the 2-year coverage Can someone look into this?,Medium,Other
I need this for work tomorrow. Order delayed by over a week past estimated date Please help.,Low,Delivery
Box arrived crushed and product has visible cracks Can someone look into this?,Critical,Product Quality
I need this for work tomorrow. Item too large to fit in the intended space Can someone look into this?,Medium,Returns & Replacements
"Just received the package today. Still not delivered, tracking shows no movement I'm a bit frustrated.",Medium,Delivery
I need this for work tomorrow. Filing a warranty claim as per the 2-year coverage This is unacceptable!,Medium,Other
"I spent a lot on this. Heating element not working, device won't turn on Can someone look into this?",Medium,Product Quality
unit features do not match what was advertised Please respond soon.,Medium,Product Quality
Just received the package today. Received a different model than what was ordered Can someone look into this?,High,Returns & Replacements
I ordered this last week. Product malfunctioned within the warranty period This has been inconvenient.,Medium,Other
"Wrong color variant delivered, purchased black got white Please help.",High,Returns & Replacements
I spent a lot on this. Product stopped working within a week of purchase I want a refund NOW!,High,Product Quality
I ordered this last week. Item too large to fit in the intended space I'm very disappointed.,Medium,Returns & Replacements
Second order in a row with issues. Asking about accessory availability for the model Can someone look into this?,Low,Other
I spent a lot on this. I am asking about accessory availability for the model Hoping this gets resolved quickly.,Low,Other
I've been a customer for years. Refund not credited despite return being approved I want a refund NOW!,High,Payments & Refunds
Just received the package today. Refund not credited despite return being approved This has been inconvenient.,Medium,Payments & Refunds
This was a gift for my mother. Package contained a completely different unit Please help.,High,Returns & Replacements
Just received the package today. Filing a warranty claim as per the 2-year coverage This has been inconvenient.,Medium,Other
I spent a lot on this. Charged twice for a single order,Medium,Payments & Refunds
"I've been a customer for years. Buttons are unresponsive, unit does not power on This has been inconvenient.",Medium,Product Quality
Glass component shattered during shipping,Critical,Product Quality
Just received the package today. Capacity/wattage different from product listing Please respond soon.,Medium,Product Quality
I ordered this last week. Invoice amount does not match the order confirmation Hoping this gets resolved quickly.,Low,Payments & Refunds
Motor Makes A Loud Noise And Overheats Quickly,Medium,Product Quality
Product malfunctioned within the warranty period,Medium,Other
I spent a lot on this. Product stopped working within a week of purchase Please help.,High,Product Quality
"Heating element broken, device won't turn on This has been inconvenient.",Critical,Product Quality
This was a gift for my mother. Item too large to fit in the intended space This has been inconvenient.,Low,Returns & Replacements
Second order in a row with issues. Asking about accessory availability for the model,Low,Other
Box arrived crushed and product has visible cracks This is unacceptable!,Critical,Product Quality
requesting warranty repair for manufacturing defect,Medium,Other
Received a different model than what was ordered This has been inconvenient.,Medium,Returns & Replacements
"Outer Packaging Torn, Item Damaged On Arrival",Critical,Product Quality
I ordered this last week. Requesting warranty repair for manufacturing defect I'm a bit frustrated.,Medium,Other
Capacity/wattage different from item listing Can someone look into this?,High,Product Quality
Received a different model than what was bought Hoping this gets resolved quickly.,Medium,Returns & Replacements
"I need this for work tomorrow. Wrong color variant delivered, ordered black got white Can someone look into this?",Medium,Returns & Replacements
I spent a lot on this. Order delayed by over a week past estimated date This is unacceptable!,Medium,Delivery
I spent a lot on this. Package contained a completely different unit I'm very disappointed.,Critical,Returns & Replacements
I need this for work tomorrow. I am asking about accessory availability for the model I'm very disappointed.,Low,Other
I need this for work tomorrow. Capacity/wattage different from product listing This has been inconvenient.,Medium,Product Quality
Second order in a row with issues. Asking about accessory availability for the model I'm very disappointed.,Low,Other
Just received the package today. unit dimensions do not match the listing This is the third time this has happened.,Medium,Returns & Replacements
Requesting user manual in a regional language Can someone look into this?,Low,Other
Just received the package today. Filing a warranty claim as per the 2-year coverage This is the third time this has happened.,Medium,Other
I ordered this last week. Received a different model than what was ordered Please help.,Critical,Returns & Replacements
Just received the package today. Charged twice for a single order Please help.,Low,Payments & Refunds
glass component shattered during shipping,High,Product Quality
"heating element not working, device won't turn on",Medium,Product Quality
I ordered this last week. I am asking about accessory availability for the model I'm a bit frustrated.,Low,Other
"Still not delivered, tracking shows no movement Hoping this gets resolved quickly.",High,Delivery
Product malfunctioned within the warranty period URGENT: please handle this immediately.,Low,Other
General query about product usage and setup!!!,Low,Other
Package contained a completely different unit This is the third time this has happened.,Medium,Returns & Replacements
item too large to fit in the intended space,High,Returns & Replacements
"Buttons Are Unresponsive, Unit Does Not Power On",High,Product Quality
"Second order in a row with issues. Heating element not working, device won't turn on Please respond soon.",Medium,Product Quality
Second order in a row with issues. Received a different model than what was purchased I'm extremely frustrated!,High,Returns & Replacements
This was a gift for my mother. Product dimensions do not match the listing I want a refund NOW!,Medium,Returns & Replacements
"This was a gift for my mother. Still not delivered, tracking shows no movement Please help.",Medium,Delivery
I need this for work tomorrow. Requesting warranty repair for manufacturing defect,Medium,Other
requesting user manual in a regional language,Low,Other
"I've been a customer for years. Still not delivered, tracking shows no movement I'm a bit frustrated.",High,Delivery
unit dimensions do not match the listing Please respond soon.,Medium,Returns & Replacements
I've been a customer for years. I am requesting user manual in a regional language This has been inconvenient.,Low,Other
Order delayed by over a week past estimated date!!!,High,Delivery
Just received the package today. Refund not credited despite return being approved URGENT: please handle this immediately.,High,Payments & Refunds
Requesting user manual in a regional language,Low,Other
This was a gift for my mother. Package contained a completely different product Hoping this gets resolved quickly.,High,Returns & Replacements
I spent a lot on this. Product malfunctioned within the warranty period Can someone look into this?,Low,Other
I need this for work tomorrow. Received a different model than what was ordered,High,Returns & Replacements
Item too large to fit in the intended space!!!,Low,Returns & Replacements
Just received the package today. Requesting warranty repair for manufacturing defect I'm very disappointed.,Medium,Other
"Second order in a row with issues. Still not delivered, tracking shows no movement Can someone look into this?",High,Delivery
Package contained a completely different product I'm a bit frustrated.,Medium,Returns & Replacements
I spent a lot on this. Asking about accessory availability for the model Please respond soon.,Low,Other
Just received the package today. Filing a warranty claim as per the 2-year coverage Please help.,Medium,Other
I ordered this last week. Delivery partner missed the promised delivery window Please respond soon.,Medium,Delivery
Material quality lower than shown in the images Can someone look into this?,High,Product Quality
Capacity/wattage different from product listing Can someone look into this?,Medium,Product Quality
"Wrong color variant delivered, ordered black got white Can someone look into this?",Medium,Returns & Replacements
order delayed by over a week past estimated date,Low,Delivery
I spent a lot on this. Refund not credited despite return being approved I'm very disappointed.,Medium,Payments & Refunds
Second order in a row with issues. Item too large to fit in the intended space This is the third time this has happened.,Medium,Returns & Replacements
"Heating element not working, device won't turn on",Critical,Product Quality
This was a gift for my mother. General query about product usage and setup Can someone look into this?,Low,Other
I spent a lot on this. Product malfunctioned within the warranty period This has been inconvenient.,Medium,Other
I need this for work tomorrow. Asking about accessory availability for the model Please respond soon.,Low,Other
Just received the package today. Refund not credited despite return being approved I'm a bit frustrated.,Medium,Payments & Refunds
Package contained a completely different unit Please respond soon.,Medium,Returns & Replacements
General query about item usage and setup I'm a bit frustrated.,Low,Other
Second order in a row with issues. Material quality lower than shown in the images Can someone look into this?,Medium,Product Quality
I've been a customer for years. Delivery partner missed the promised delivery window Hoping this gets resolved quickly.,High,Delivery
I've been a customer for years. Product dimensions do not match the listing Can someone look into this?,High,Returns & Replacements
"Still not delivered, tracking shows no movement!!!",High,Delivery
I need this for work tomorrow. item dimensions do not match the listing Can someone look into this?,Low,Returns & Replacements
I ordered this last week. General query about product usage and setup,Low,Other
This was a gift for my mother. Motor makes a loud noise and overheats quickly URGENT: please handle this immediately.,Medium,Product Quality
I spent a lot on this. Order delayed by over a week past estimated date I'm very disappointed.,Medium,Delivery
Product dimensions do not match the listing Can someone look into this?,Low,Returns & Replacements
I ordered this last week. Requesting warranty repair for manufacturing defect Can someone look into this?,Medium,Other
I spent a lot on this. Item too large to fit in the intended space Please help.,Medium,Returns & Replacements
I need this for work tomorrow. Refund not credited despite return being approved Please help.,Medium,Payments & Refunds
Second order in a row with issues. Filing a warranty claim as per the 2-year coverage I'm a bit frustrated.,Low,Other
I need this for work tomorrow. Order delayed by over a week past estimated date I'm extremely frustrated!,Medium,Delivery
"buttons are unresponsive, unit does not power on",High,Product Quality
Just received the package today. Delivery partner missed the promised delivery window I want a refund NOW!,Medium,Delivery
I spent a lot on this. Order delayed by over a week past estimated date Please help.,Low,Delivery
This was a gift for my mother. General query about product usage and setup Please respond soon.,Low,Other
General query about unit usage and setup,Low,Other
Just received the package today. Requesting warranty repair for manufacturing defect,Medium,Other
This was a gift for my mother. Glass component shattered during shipping Please help.,High,Product Quality
This was a gift for my mother. Item too large to fit in the intended space This is unacceptable!,Medium,Returns & Replacements
I ordered this last week. General query about item usage and setup Please help.,Low,Other
I've been a customer for years. Charged twice for a single order Hoping this gets resolved quickly.,Medium,Payments & Refunds
"Just received the package today. Outer packaging torn, item damaged on arrival Please help.",Critical,Product Quality
Second order in a row with issues. Delivery partner missed the promised delivery window This is unacceptable!,High,Delivery
Product dimensions do not match the listing,Medium,Returns & Replacements
Box arrived crushed and product has visible cracks Please help.,Critical,Product Quality
Refund not credited despite return being approved Can someone look into this?,High,Payments & Refunds
Second order in a row with issues. Received a different model than what was ordered Can someone look into this?,Critical,Returns & Replacements
Product dimensions do not match the listing!!!,Medium,Returns & Replacements
This was a gift for my mother. Invoice amount does not match the order confirmation Please respond soon.,Low,Payments & Refunds
I need this for work tomorrow. Product features do not match what was advertised This has been inconvenient.,Low,Product Quality
I spent a lot on this. Filing a warranty claim as per the 2-year coverage I'm very disappointed.,Medium,Other
Product malfunctioned within the warranty period I'm a bit frustrated.,Medium,Other
"I've been a customer for years. Outer packaging torn, item damaged on arrival This is the third time this has happened.",High,Product Quality
I've been a customer for years. Glass component shattered during shipping I'm very disappointed.,Critical,Product Quality
Item too large to fit in the intended space,Low,Returns & Replacements
I spent a lot on this. Order delayed by over a week past estimated date,Medium,Delivery
box arrived crushed and product has visible cracks,High,Product Quality
Filing A Warranty Claim As Per The 2-Year Coverage,High,Other
"Still not delivered, tracking shows no movement",Medium,Delivery
"Wrong color variant delivered, ordered black got white",Medium,Returns & Replacements
Order delayed by over a week past estimated date This is unacceptable!,Low,Delivery
I ordered this last week. Glass component shattered during shipping Please respond soon.,High,Product Quality
Second order in a row with issues. item malfunctioned within the warranty period URGENT: please handle this immediately.,Medium,Other
Second order in a row with issues. Item too large to fit in the intended space I'm extremely frustrated!,Low,Returns & Replacements
"I ordered this last week. Heating element not working, device won't turn on",High,Product Quality
I've been a customer for years. Delivery partner missed the promised delivery window Please help.,High,Delivery
I've been a customer for years. Order delayed by over a week past estimated date,Medium,Delivery
I need this for work tomorrow. Item too large to fit in the intended space This is unacceptable!,Low,Returns & Replacements
Invoice Amount Does Not Match The Order Confirmation,Medium,Payments & Refunds
I've been a customer for years. Requesting warranty repair for manufacturing defect I'm very disappointed.,Medium,Other
I spent a lot on this. Capacity/wattage different from product listing Can someone look into this?,Medium,Product Quality
"I've been a customer for years. Still not delivered, tracking shows no movement I'm very disappointed.",Medium,Delivery
Filing a warranty claim as per the 2-year coverage Please respond soon.,Medium,Other
Just received the package today. I am requesting warranty repair for manufacturing defect This has been inconvenient.,Medium,Other
"I need this for work tomorrow. Buttons are unresponsive, unit does not power on Hoping this gets resolved quickly.",High,Product Quality
I need this for work tomorrow. Charged twice for a single order I want a refund NOW!,High,Payments & Refunds
I ordered this last week. Requesting user manual in a regional language,Low,Other
"This was a gift for my mother. Outer packaging torn, item damaged on arrival Can someone look into this?",Critical,Product Quality
I ordered this last week. Charged twice for a single order This has been inconvenient.,Medium,Payments & Refunds
I ordered this last week. Delivery partner missed the promised delivery window Please help.,High,Delivery
I need this for work tomorrow. I am asking about accessory availability for the model Please respond soon.,Low,Other
"Second order in a row with issues. Wrong color variant delivered, ordered black got white Please help.",Critical,Returns & Replacements
I need this for work tomorrow. Filing a warranty claim as per the 2-year coverage Can someone look into this?,Medium,Other
Requesting Warranty Repair For Manufacturing Defect,High,Other
Package contained a completely different item I'm a bit frustrated.,Critical,Returns & Replacements
Second order in a row with issues. Item too large to fit in the intended space,Medium,Returns & Replacements
I need this for work tomorrow. Charged twice for a single order Please respond soon.,Medium,Payments & Refunds
I've been a customer for years. Delivery partner missed the promised delivery window Please respond soon.,High,Delivery
Second order in a row with issues. Asking about accessory availability for the model I'm a bit frustrated.,Low,Other
Product features do not match what was advertised Can someone look into this?,Low,Product Quality
Second order in a row with issues. Item too large to fit in the intended space This has been inconvenient.,Low,Returns & Replacements
"Buttons are unresponsive, unit does not power on I want a refund NOW!",High,Product Quality
Product Malfunctioned Within The Warranty Period,Low,Other
"Still Not Delivered, Tracking Shows No Movement",High,Delivery
Received a different model than what was ordered,High,Returns & Replacements
Second order in a row with issues. Delivery partner missed the promised delivery window Please respond soon.,High,Delivery
General query about item usage and setup Please respond soon.,Low,Other
General query about product usage and setup Please help.,Low,Other
This was a gift for my mother. Item too large to fit in the intended space Hoping this gets resolved quickly.,Low,Returns & Replacements
Just received the package today. Material quality lower than shown in the images This has been inconvenient.,Low,Product Quality
I ordered this last week. Charged twice for a single order I'm extremely frustrated!,Medium,Payments & Refunds
This was a gift for my mother. Order delayed by over a week past estimated date,Medium,Delivery
Just received the package today. Invoice amount does not match the order confirmation Can someone look into this?,High,Payments & Refunds
Second order in a row with issues. Package contained a completely different item This has been inconvenient.,Critical,Returns & Replacements
This was a gift for my mother. Box arrived crushed and product has visible cracks I'm a bit frustrated.,High,Product Quality
This was a gift for my mother. item dimensions do not match the listing Please help.,Low,Returns & Replacements
This was a gift for my mother. Charged twice for a single order This is unacceptable!,Medium,Payments & Refunds
Motor makes a loud noise and overheats quickly This has been inconvenient.,High,Product Quality
Box arrived crushed and item has visible cracks Can someone look into this?,Medium,Product Quality
This was a gift for my mother. Invoice amount does not match the order confirmation I'm a bit frustrated.,Medium,Payments & Refunds
This was a gift for my mother. Item too large to fit in the intended space Please respond soon.,Low,Returns & Replacements
I need this for work tomorrow. Package contained a completely different product Hoping this gets resolved quickly.,Critical,Returns & Replacements
This was a gift for my mother. Asking about accessory availability for the model Please respond soon.,Low,Other
I need this for work tomorrow. Item too large to fit in the intended space Please respond soon.,Medium,Returns & Replacements
"Wrong color variant delivered, ordered black got white Please respond soon.",High,Returns & Replacements
Second order in a row with issues. I am requesting user manual in a regional language Can someone look into this?,Low,Other
Box arrived crushed and unit has visible cracks Please respond soon.,Critical,Product Quality
Product features do not match what was advertised!!!,Medium,Product Quality
"I ordered this last week. Still not delivered, tracking shows no movement Can someone look into this?",High,Delivery
"I spent a lot on this. Wrong color variant delivered, ordered black got white Please respond soon.",High,Returns & Replacements
Glass component shattered during shipping Hoping this gets resolved quickly.,Critical,Product Quality
I ordered this last week. Order delayed by over a week past estimated date Can someone look into this?,High,Delivery
Product malfunctioned within the warranty period!!!,Low,Other
I spent a lot on this. Motor makes a loud noise and overheats quickly Please help.,Medium,Product Quality
I've been a customer for years. I am requesting user manual in a regional language Please help.,Low,Other
Asking about accessory availability for the model I'm extremely frustrated!,Low,Other
I spent a lot on this. Received a different model than what was purchased I'm extremely frustrated!,Critical,Returns & Replacements
I ordered this last week. Invoice amount does not match the order confirmation Please respond soon.,High,Payments & Refunds
I spent a lot on this. Capacity/wattage different from product listing Please help.,Low,Product Quality
Box arrived crushed and product has visible cracks!!!,High,Product Quality
I need this for work tomorrow. Glass component shattered during shipping Please respond soon.,Critical,Product Quality
"I spent a lot on this. Heating element not working, device won't turn on Please respond soon.",Medium,Product Quality
"I need this for work tomorrow. Outer packaging torn, item damaged on arrival Please help.",Critical,Product Quality
Order delayed by over a week past estimated date URGENT: please handle this immediately.,Medium,Delivery
Second order in a row with issues. Asking about accessory availability for the model URGENT: please handle this immediately.,Low,Other
Just received the package today. Filing a warranty claim as per the 2-year coverage Hoping this gets resolved quickly.,High,Other
I spent a lot on this. Package contained a completely different unit,Critical,Returns & Replacements
I ordered this last week. unit dimensions do not match the listing I'm very disappointed.,Medium,Returns & Replacements
General query about product usage and setup Can someone look into this?,Low,Other
I've been a customer for years. Product dimensions do not match the listing I'm a bit frustrated.,Medium,Returns & Replacements
I've been a customer for years. Requesting warranty repair for manufacturing defect URGENT: please handle this immediately.,High,Other
Just received the package today. Material quality lower than shown in the images I'm a bit frustrated.,Medium,Product Quality
material quality lower than shown in the images,Low,Product Quality
Product features do not match what was advertised Please help.,Medium,Product Quality
Just received the package today. Product dimensions do not match the listing Please respond soon.,High,Returns & Replacements
I've been a customer for years. Delivery partner missed the promised delivery window Can someone look into this?,High,Delivery
Just received the package today. Product malfunctioned within the warranty period Can someone look into this?,High,Other
Order delayed by over a week past estimated date Please respond soon.,High,Delivery
Delivery Partner Missed The Promised Delivery Window,High,Delivery
I've been a customer for years. General query about item usage and setup Hoping this gets resolved quickly.,Low,Other
"Second order in a row with issues. Still not delivered, tracking shows no movement I'm a bit frustrated.",Medium,Delivery
I am requesting warranty repair for manufacturing defect Please help.,Low,Other
"Just received the package today. Buttons are unresponsive, unit does not power on I'm very disappointed.",Medium,Product Quality
Second order in a row with issues. Charged twice for a single order Please help.,Medium,Payments & Refunds
Package Contained A Completely Different Product,Medium,Returns & Replacements
I need this for work tomorrow. Package contained a completely different product URGENT: please handle this immediately.,High,Returns & Replacements
Capacity/wattage different from product listing,Medium,Product Quality
I spent a lot on this. Charged twice for a single order I want a refund NOW!,High,Payments & Refunds
Second order in a row with issues. Item too large to fit in the intended space I'm very disappointed.,Low,Returns & Replacements
I ordered this last week. Capacity/wattage different from product listing Please help.,High,Product Quality
I've been a customer for years. Package contained a completely different product I want a refund NOW!,Critical,Returns & Replacements
I ordered this last week. Capacity/wattage different from product listing,Medium,Product Quality
I've been a customer for years. Item too large to fit in the intended space I want a refund NOW!,Low,Returns & Replacements
I need this for work tomorrow. Package contained a completely different product Can someone look into this?,Medium,Returns & Replacements
"Second order in a row with issues. Still not delivered, tracking shows no movement I'm extremely frustrated!",Critical,Delivery
"This was a gift for my mother. Still not delivered, tracking shows no movement Can someone look into this?",High,Delivery
product dimensions do not match the listing,High,Returns & Replacements
Just received the package today. item dimensions do not match the listing Can someone look into this?,Low,Returns & Replacements
I need this for work tomorrow. Capacity/wattage different from product listing Please help.,Medium,Product Quality
I need this for work tomorrow. Asking about accessory availability for the model Please help.,Low,Other
Just received the package today. Received a different model than what was bought Hoping this gets resolved quickly.,Critical,Returns & Replacements
I've been a customer for years. Box arrived crushed and product has visible cracks I'm extremely frustrated!,Critical,Product Quality
I spent a lot on this. Box arrived crushed and product has visible cracks I'm a bit frustrated.,Medium,Product Quality
Second order in a row with issues. Invoice amount does not match the order confirmation Please help.,Medium,Payments & Refunds
Second order in a row with issues. Delivery partner missed the promised delivery window,Medium,Delivery
"Wrong color variant delivered, purchased black got white I'm very disappointed.",Critical,Returns & Replacements
Product dimensions do not match the listing This is unacceptable!,Medium,Returns & Replacements
Received a different model than what was bought This is unacceptable!,Medium,Returns & Replacements
Just received the package today. Product features do not match what was advertised This is the third time this has happened.,Medium,Product Quality
This was a gift for my mother. Delivery partner missed the promised delivery window I'm extremely frustrated!,Medium,Delivery
"I spent a lot on this. Still not delivered, tracking shows no movement Please respond soon.",High,Delivery
I spent a lot on this. Product malfunctioned within the warranty period Please respond soon.,Low,Other
I ordered this last week. Delivery partner missed the promised delivery window This has been inconvenient.,Medium,Delivery
Product malfunctioned within the warranty period This is unacceptable!,Medium,Other
"This was a gift for my mother. Wrong color variant delivered, ordered black got white Please help.",Medium,Returns & Replacements
I've been a customer for years. item malfunctioned within the warranty period I'm a bit frustrated.,High,Other
I've been a customer for years. General query about unit usage and setup Please help.,Low,Other
unit malfunctioned within the warranty period Can someone look into this?,Low,Other
Just received the package today. Item too large to fit in the intended space,Low,Returns & Replacements
This was a gift for my mother. Product dimensions do not match the listing,Medium,Returns & Replacements
I am asking about accessory availability for the model Please help.,Low,Other
I ordered this last week. Asking about accessory availability for the model This has been inconvenient.,Low,Other
Second order in a row with issues. Order delayed by over a week past estimated date Please help.,Medium,Delivery
Second order in a row with issues. General query about unit usage and setup,Low,Other
"I ordered this last week. Wrong color variant delivered, ordered black got white Please help.",Critical,Returns & Replacements
"Outer packaging torn, item damaged on arrival Please respond soon.",High,Product Quality
I've been a customer for years. Motor makes a loud noise and overheats quickly Please respond soon.,Medium,Product Quality
Second order in a row with issues. General query about product usage and setup,Low,Other
Package contained a completely different item Please help.,Medium,Returns & Replacements
I've been a customer for years. Order delayed by over a week past estimated date I'm very disappointed.,Medium,Delivery
Motor makes a loud noise and overheats quickly,Medium,Product Quality
Second order in a row with issues. Invoice amount does not match the order confirmation Can someone look into this?,Low,Payments & Refunds
I ordered this last week. Product dimensions do not match the listing Please help.,Low,Returns & Replacements
Asking about accessory availability for the model This has been inconvenient.,Low,Other
This was a gift for my mother. General query about item usage and setup This has been inconvenient.,Low,Other
Asking About Accessory Availability For The Model,Low,Other
I've been a customer for years. Item too large to fit in the intended space I'm a bit frustrated.,Medium,Returns & Replacements
I've been a customer for years. General query about product usage and setup Please help.,Low,Other
Second order in a row with issues. I am requesting user manual in a regional language I'm very disappointed.,Low,Other
I spent a lot on this. Requesting user manual in a regional language Please help.,Low,Other
"Wrong Color Variant Delivered, Ordered Black Got White",High,Returns & Replacements
I spent a lot on this. Product dimensions do not match the listing I'm very disappointed.,Low,Returns & Replacements
I spent a lot on this. Item too large to fit in the intended space Please respond soon.,Medium,Returns & Replacements
Requesting user manual in a regional language Please respond soon.,Low,Other
Just received the package today. Product stopped working within a week of purchase This is the third time this has happened.,High,Product Quality
I spent a lot on this. Filing a warranty claim as per the 2-year coverage I'm extremely frustrated!,Medium,Other
General query about product usage and setup,Low,Other
I've been a customer for years. Capacity/wattage different from product listing I want a refund NOW!,Medium,Product Quality
Just received the package today. Package contained a completely different product I'm a bit frustrated.,Critical,Returns & Replacements
Order delayed by over a week past estimated date I want a refund NOW!,Medium,Delivery
I need this for work tomorrow. Product malfunctioned within the warranty period Please respond soon.,Medium,Other
"I've been a customer for years. Heating element not working, device won't turn on I'm very disappointed.",High,Product Quality
Second order in a row with issues. Filing a warranty claim as per the 2-year coverage Can someone look into this?,Low,Other
Refund not credited despite return being approved!!!,Medium,Payments & Refunds
Just received the package today. Product stopped working within a week of purchase I'm a bit frustrated.,High,Product Quality
Second order in a row with issues. Delivery partner missed the promised delivery window Hoping this gets resolved quickly.,Medium,Delivery
"Buttons are unresponsive, unit does not power on Can someone look into this?",Critical,Product Quality
Just received the package today. Requesting warranty repair for manufacturing defect Can someone look into this?,Medium,Other
item dimensions do not match the listing Can someone look into this?,Low,Returns & Replacements
Glass Component Shattered During Shipping,Critical,Product Quality
"I spent a lot on this. Buttons are unresponsive, unit does not power on",High,Product Quality
I've been a customer for years. I am requesting warranty repair for manufacturing defect This is unacceptable!,Medium,Other
This was a gift for my mother. Filing a warranty claim as per the 2-year coverage This has been inconvenient.,Medium,Other
Second order in a row with issues. Glass component shattered during shipping,Critical,Product Quality
This was a gift for my mother. Received a different model than what was ordered I want a refund NOW!,Medium,Returns & Replacements
Second order in a row with issues. Refund not credited despite return being approved Please respond soon.,High,Payments & Refunds
General query about item usage and setup Please help.,Low,Other
I've been a customer for years. Capacity/wattage different from product listing URGENT: please handle this immediately.,High,Product Quality
"Second order in a row with issues. Wrong color variant delivered, ordered black got white I'm a bit frustrated.",Medium,Returns & Replacements
Just received the package today. Charged twice for a single order Can someone look into this?,Medium,Payments & Refunds
charged twice for a single order,Medium,Payments & Refunds
I need this for work tomorrow. Refund not credited despite return being approved I'm very disappointed.,Low,Payments & Refunds
"I spent a lot on this. Heating element not working, device won't turn on I'm very disappointed.",High,Product Quality
general query about product usage and setup,Low,Other
This was a gift for my mother. Asking about accessory availability for the model Can someone look into this?,Low,Other
"I've been a customer for years. Wrong color variant delivered, ordered black got white I'm extremely frustrated!",Critical,Returns & Replacements
"I've been a customer for years. Outer packaging torn, item damaged on arrival",High,Product Quality
I ordered this last week. Requesting warranty repair for manufacturing defect I'm extremely frustrated!,Low,Other
Just received the package today. Motor makes a loud noise and overheats quickly Please respond soon.,Medium,Product Quality
Second order in a row with issues. Product dimensions do not match the listing I'm a bit frustrated.,Medium,Returns & Replacements
Charged twice for a single order!!!,Low,Payments & Refunds
"Heating element not working, device won't turn on Can someone look into this?",Medium,Product Quality
Refund not credited despite return being approved Please help.,Medium,Payments & Refunds
I need this for work tomorrow. Charged twice for a single order Please help.,Medium,Payments & Refunds
This was a gift for my mother. General query about product usage and setup Please help.,Low,Other
I need this for work tomorrow. unit malfunctioned within the warranty period This has been inconvenient.,Medium,Other
"I've been a customer for years. Still not delivered, tracking shows no movement Can someone look into this?",Medium,Delivery
unit dimensions do not match the listing I want a refund NOW!,Medium,Returns & Replacements
"I've been a customer for years. Still not delivered, tracking shows no movement Please respond soon.",High,Delivery
Glass component shattered during shipping Please help.,Critical,Product Quality
Invoice amount does not match the order confirmation!!!,High,Payments & Refunds
item malfunctioned within the warranty period Please help.,Medium,Other
This was a gift for my mother. Delivery partner missed the promised delivery window Can someone look into this?,Medium,Delivery
I ordered this last week. Product malfunctioned within the warranty period Can someone look into this?,Medium,Other
I've been a customer for years. unit dimensions do not match the listing I'm very disappointed.,Medium,Returns & Replacements
I spent a lot on this. I am requesting warranty repair for manufacturing defect I'm very disappointed.,Low,Other
I ordered this last week. Product stopped working within a week of purchase Please respond soon.,Critical,Product Quality
This was a gift for my mother. Item too large to fit in the intended space Please help.,Low,Returns & Replacements
I've been a customer for years. Glass component shattered during shipping URGENT: please handle this immediately.,Critical,Product Quality
"Wrong color variant delivered, bought black got white This has been inconvenient.",High,Returns & Replacements
Second order in a row with issues. Invoice amount does not match the order confirmation This has been inconvenient.,High,Payments & Refunds
Just received the package today. Order delayed by over a week past estimated date Can someone look into this?,High,Delivery
Second order in a row with issues. Invoice amount does not match the order confirmation This is the third time this has happened.,Low,Payments & Refunds
I spent a lot on this. Item too large to fit in the intended space I want a refund NOW!,Low,Returns & Replacements
Just received the package today. Box arrived crushed and product has visible cracks Please help.,High,Product Quality
Item too large to fit in the intended space I'm a bit frustrated.,Medium,Returns & Replacements
I spent a lot on this. Material quality lower than shown in the images This is unacceptable!,Low,Product Quality
I spent a lot on this. Product features do not match what was advertised This is the third time this has happened.,High,Product Quality
Glass component shattered during shipping Please respond soon.,Critical,Product Quality
Filing a warranty claim as per the 2-year coverage,Low,Other
"Second order in a row with issues. Wrong color variant delivered, purchased black got white Please help.",Medium,Returns & Replacements
This was a gift for my mother. Requesting user manual in a regional language I'm extremely frustrated!,Low,Other
Capacity/Wattage Different From Product Listing,Low,Product Quality
Box arrived crushed and product has visible cracks,Medium,Product Quality
product stopped working within a week of purchase,Medium,Product Quality
I need this for work tomorrow. Glass component shattered during shipping Hoping this gets resolved quickly.,Critical,Product Quality
Capacity/wattage different from unit listing Please respond soon.,Low,Product Quality
I need this for work tomorrow. Order delayed by over a week past estimated date I'm a bit frustrated.,Medium,Delivery
item malfunctioned within the warranty period Please respond soon.,Medium,Other
I spent a lot on this. I am requesting warranty repair for manufacturing defect Please help.,High,Other
Just received the package today. Product stopped working within a week of purchase I want a refund NOW!,Critical,Product Quality
I spent a lot on this. Delivery partner missed the promised delivery window I'm very disappointed.,Medium,Delivery
Second order in a row with issues. Delivery partner missed the promised delivery window Please help.,Medium,Delivery
Invoice amount does not match the order confirmation Please respond soon.,Medium,Payments & Refunds
I ordered this last week. Requesting warranty repair for manufacturing defect Hoping this gets resolved quickly.,Medium,Other
Box arrived crushed and item has visible cracks,High,Product Quality
"Wrong color variant delivered, ordered black got white Hoping this gets resolved quickly.",Critical,Returns & Replacements
I need this for work tomorrow. Delivery partner missed the promised delivery window,High,Delivery
Charged twice for a single order I'm very disappointed.,High,Payments & Refunds
I spent a lot on this. Received a different model than what was purchased This has been inconvenient.,Critical,Returns & Replacements
"Still not delivered, tracking shows no movement Please respond soon.",Medium,Delivery
This was a gift for my mother. Filing a warranty claim as per the 2-year coverage,Medium,Other
unit malfunctioned within the warranty period URGENT: please handle this immediately.,Medium,Other
Second order in a row with issues. Box arrived crushed and product has visible cracks Please help.,Critical,Product Quality
Second order in a row with issues. Item too large to fit in the intended space Can someone look into this?,Medium,Returns & Replacements
"This was a gift for my mother. Outer packaging torn, item damaged on arrival This is unacceptable!",Critical,Product Quality
"I spent a lot on this. Wrong color variant delivered, bought black got white This is unacceptable!",Critical,Returns & Replacements
Product dimensions do not match the listing I'm a bit frustrated.,High,Returns & Replacements
I need this for work tomorrow. Invoice amount does not match the order confirmation Can someone look into this?,Low,Payments & Refunds
Item Too Large To Fit In The Intended Space,Medium,Returns & Replacements
"I ordered this last week. Still not delivered, tracking shows no movement Please help.",Low,Delivery
I spent a lot on this. Charged twice for a single order Can someone look into this?,Low,Payments & Refunds
I spent a lot on this. Package contained a completely different product I want a refund NOW!,Critical,Returns & Replacements
I spent a lot on this. Material quality lower than shown in the images Can someone look into this?,Low,Product Quality
This was a gift for my mother. Refund not credited despite return being approved I'm a bit frustrated.,Medium,Payments & Refunds
This was a gift for my mother. Charged twice for a single order I'm very disappointed.,Medium,Payments & Refunds
I need this for work tomorrow. Motor makes a loud noise and overheats quickly Can someone look into this?,High,Product Quality
I've been a customer for years. Package contained a completely different product Can someone look into this?,Medium,Returns & Replacements
Requesting User Manual In A Regional Language,Low,Other
This was a gift for my mother. Invoice amount does not match the order confirmation Please help.,High,Payments & Refunds
Asking about accessory availability for the model,Low,Other
This was a gift for my mother. Refund not credited despite return being approved I'm extremely frustrated!,Medium,Payments & Refunds
I've been a customer for years. Refund not credited despite return being approved Please respond soon.,Low,Payments & Refunds
Motor makes a loud noise and overheats quickly!!!,High,Product Quality
This was a gift for my mother. item dimensions do not match the listing This is unacceptable!,High,Returns & Replacements
This was a gift for my mother. Box arrived crushed and product has visible cracks Please help.,Critical,Product Quality
This was a gift for my mother. Delivery partner missed the promised delivery window This has been inconvenient.,Medium,Delivery
I've been a customer for years. General query about product usage and setup This has been inconvenient.,Low,Other
I need this for work tomorrow. Requesting user manual in a regional language Please respond soon.,Low,Other
I spent a lot on this. Product malfunctioned within the warranty period This is unacceptable!,Medium,Other
I've been a customer for years. Received a different model than what was ordered Can someone look into this?,High,Returns & Replacements
I ordered this last week. I am requesting user manual in a regional language Please help.,Low,Other
Delivery partner missed the promised delivery window Please respond soon.,Medium,Delivery
"Second order in a row with issues. Heating element not working, device won't turn on I'm a bit frustrated.",Medium,Product Quality
item dimensions do not match the listing Hoping this gets resolved quickly.,Low,Returns & Replacements
Asking about accessory availability for the model Please help.,Low,Other
Charged Twice For A Single Order,Medium,Payments & Refunds
Second order in a row with issues. Invoice amount does not match the order confirmation,Medium,Payments & Refunds
Second order in a row with issues. General query about unit usage and setup Please respond soon.,Low,Other
I spent a lot on this. Product malfunctioned within the warranty period Hoping this gets resolved quickly.,Medium,Other
"Wrong color variant delivered, ordered black got white Please help.",High,Returns & Replacements
Filing a warranty claim as per the 2-year coverage Hoping this gets resolved quickly.,High,Other
Just received the package today. Charged twice for a single order Hoping this gets resolved quickly.,Medium,Payments & Refunds
I spent a lot on this. item dimensions do not match the listing Hoping this gets resolved quickly.,Medium,Returns & Replacements
I've been a customer for years. Filing a warranty claim as per the 2-year coverage This has been inconvenient.,Low,Other
"Heating element not working, device won't turn on!!!",High,Product Quality
Received a different model than what was ordered Please respond soon.,Medium,Returns & Replacements
Product stopped working within a week of purchase Can someone look into this?,Medium,Product Quality
Product stopped working within a week of purchase Hoping this gets resolved quickly.,Medium,Product Quality
This was a gift for my mother. I am requesting user manual in a regional language,Low,Other
Just received the package today. Product malfunctioned within the warranty period Please help.,Medium,Other
Second order in a row with issues. Product dimensions do not match the listing Can someone look into this?,High,Returns & Replacements
"Second order in a row with issues. Wrong color variant delivered, purchased black got white I'm a bit frustrated.",High,Returns & Replacements
Just received the package today. Box arrived crushed and product has visible cracks,Critical,Product Quality
Just received the package today. I am requesting warranty repair for manufacturing defect Please respond soon.,Medium,Other
Just received the package today. Delivery partner missed the promised delivery window This is unacceptable!,High,Delivery
I spent a lot on this. Received a different model than what was ordered,High,Returns & Replacements
Second order in a row with issues. Delivery partner missed the promised delivery window I'm a bit frustrated.,Medium,Delivery
Asking about accessory availability for the model Please respond soon.,Low,Other
Second order in a row with issues. Product dimensions do not match the listing Please help.,Medium,Returns & Replacements
I spent a lot on this. Box arrived crushed and product has visible cracks Please respond soon.,High,Product Quality
"Wrong color variant delivered, bought black got white This is the third time this has happened.",Critical,Returns & Replacements
I am requesting user manual in a regional language Please help.,Low,Other
Second order in a row with issues. Product dimensions do not match the listing This has been inconvenient.,Low,Returns & Replacements
Second order in a row with issues. Product stopped working within a week of purchase I'm very disappointed.,High,Product Quality
Package contained a completely different product Hoping this gets resolved quickly.,High,Returns & Replacements
"Second order in a row with issues. Heating element not working, device won't turn on Can someone look into this?",High,Product Quality
I ordered this last week. Product malfunctioned within the warranty period I want a refund NOW!,Low,Other
I need this for work tomorrow. General query about product usage and setup I'm very disappointed.,Low,Other
Second order in a row with issues. I am asking about accessory availability for the model,Low,Other
Just received the package today. Received a different model than what was ordered I'm a bit frustrated.,High,Returns & Replacements
Just received the package today. Order delayed by over a week past estimated date I'm very disappointed.,Low,Delivery
"Second order in a row with issues. Still not delivered, tracking shows no movement This is unacceptable!",Critical,Delivery
I've been a customer for years. Item too large to fit in the intended space I'm extremely frustrated!,Medium,Returns & Replacements
Second order in a row with issues. General query about product usage and setup This is unacceptable!,Low,Other
I ordered this last week. Box arrived crushed and product has visible cracks,Critical,Product Quality
"Second order in a row with issues. Wrong color variant delivered, ordered black got white I'm very disappointed.",Critical,Returns & Replacements
Material quality lower than shown in the images I'm very disappointed.,Medium,Product Quality
I ordered this last week. Package contained a completely different product URGENT: please handle this immediately.,High,Returns & Replacements
"I ordered this last week. Wrong color variant delivered, ordered black got white Can someone look into this?",Critical,Returns & Replacements
Requesting warranty repair for manufacturing defect,Medium,Other
Just received the package today. Requesting user manual in a regional language Hoping this gets resolved quickly.,Low,Other
Filing a warranty claim as per the 2-year coverage Please help.,Low,Other
I spent a lot on this. Requesting user manual in a regional language Please respond soon.,Low,Other
I am requesting user manual in a regional language,Low,Other
I've been a customer for years. Package contained a completely different unit URGENT: please handle this immediately.,Critical,Returns & Replacements
"Wrong color variant delivered, bought black got white URGENT: please handle this immediately.",Medium,Returns & Replacements
I've been a customer for years. Requesting user manual in a regional language Hoping this gets resolved quickly.,Low,Other
Product Features Do Not Match What Was Advertised,Low,Product Quality
"Just received the package today. Wrong color variant delivered, ordered black got white Can someone look into this?",High,Returns & Replacements
Delivery partner missed the promised delivery window!!!,High,Delivery
This was a gift for my mother. unit malfunctioned within the warranty period Hoping this gets resolved quickly.,High,Other
This was a gift for my mother. Delivery partner missed the promised delivery window Please respond soon.,Low,Delivery
product malfunctioned within the warranty period,Low,Other
I need this for work tomorrow. item malfunctioned within the warranty period Can someone look into this?,Medium,Other
I've been a customer for years. Received a different model than what was ordered Please help.,Critical,Returns & Replacements
This was a gift for my mother. Charged twice for a single order Can someone look into this?,Medium,Payments & Refunds
Just received the package today. General query about product usage and setup Can someone look into this?,Low,Other
I ordered this last week. Refund not credited despite return being approved I want a refund NOW!,High,Payments & Refunds
Capacity/wattage different from product listing I'm very disappointed.,Medium,Product Quality
This was a gift for my mother. Order delayed by over a week past estimated date This is unacceptable!,Medium,Delivery
I ordered this last week. Order delayed by over a week past estimated date Please respond soon.,High,Delivery
I spent a lot on this. Product malfunctioned within the warranty period,Medium,Other
Just received the package today. Charged twice for a single order I'm very disappointed.,High,Payments & Refunds
Box arrived crushed and unit has visible cracks This is the third time this has happened.,Critical,Product Quality
I need this for work tomorrow. Delivery partner missed the promised delivery window I'm a bit frustrated.,High,Delivery
Motor makes a loud noise and overheats quickly I'm a bit frustrated.,High,Product Quality
"I spent a lot on this. Still not delivered, tracking shows no movement I'm very disappointed.",Medium,Delivery
I need this for work tomorrow. Filing a warranty claim as per the 2-year coverage Hoping this gets resolved quickly.,Medium,Other
Requesting user manual in a regional language!!!,Low,Other
Received a different model than what was purchased,Medium,Returns & Replacements
Asking about accessory availability for the model Can someone look into this?,Low,Other
I ordered this last week. Refund not credited despite return being approved Hoping this gets resolved quickly.,Medium,Payments & Refunds
I've been a customer for years. Asking about accessory availability for the model Can someone look into this?,Low,Other
"Second order in a row with issues. Outer packaging torn, item damaged on arrival I want a refund NOW!",Critical,Product Quality
General query about product usage and setup I'm extremely frustrated!,Low,Other
Just received the package today. Invoice amount does not match the order confirmation I'm extremely frustrated!,Medium,Payments & Refunds
This was a gift for my mother. Received a different model than what was ordered,High,Returns & Replacements
item features do not match what was advertised I want a refund NOW!,Low,Product Quality
Just received the package today. Received a different model than what was purchased Can someone look into this?,High,Returns & Replacements
This was a gift for my mother. Product stopped working within a week of purchase This is unacceptable!,High,Product Quality
I spent a lot on this. Glass component shattered during shipping This is unacceptable!,Critical,Product Quality
Second order in a row with issues. Product malfunctioned within the warranty period This is the third time this has happened.,Medium,Other
"Heating element not functioning, device won't turn on This is unacceptable!",Medium,Product Quality
This was a gift for my mother. Order delayed by over a week past estimated date Please help.,Medium,Delivery
Delivery partner missed the promised delivery window Please help.,Medium,Delivery
Refund not credited despite return being approved,Medium,Payments & Refunds
I am requesting warranty repair for manufacturing defect,Medium,Other
I've been a customer for years. item dimensions do not match the listing I'm extremely frustrated!,Low,Returns & Replacements
package contained a completely different product,High,Returns & Replacements
Delivery partner missed the promised delivery window I'm a bit frustrated.,Medium,Delivery
I ordered this last week. Delivery partner missed the promised delivery window This is the third time this has happened.,Medium,Delivery
Product Stopped Working Within A Week Of Purchase,Medium,Product Quality
"Still not delivered, tracking shows no movement This has been inconvenient.",Medium,Delivery
I need this for work tomorrow. Received a different model than what was ordered Can someone look into this?,Medium,Returns & Replacements
Item too large to fit in the intended space This has been inconvenient.,Medium,Returns & Replacements
"Outer packaging torn, item damaged on arrival!!!",Critical,Product Quality
I spent a lot on this. Invoice amount does not match the order confirmation Can someone look into this?,Medium,Payments & Refunds
I need this for work tomorrow. Filing a warranty claim as per the 2-year coverage I'm a bit frustrated.,High,Other
Charged twice for a single order,High,Payments & Refunds
This was a gift for my mother. I am requesting user manual in a regional language I want a refund NOW!,Low,Other
unit malfunctioned within the warranty period Please help.,Medium,Other
I need this for work tomorrow. Charged twice for a single order,Low,Payments & Refunds
"Just received the package today. Wrong color variant delivered, ordered black got white",Critical,Returns & Replacements
filing a warranty claim as per the 2-year coverage,Low,Other
I ordered this last week. unit malfunctioned within the warranty period,Medium,Other
"I've been a customer for years. Heating element not working, device won't turn on Can someone look into this?",High,Product Quality
"Heating element broken, device won't turn on URGENT: please handle this immediately.",High,Product Quality
I need this for work tomorrow. Motor makes a loud noise and overheats quickly I want a refund NOW!,Medium,Product Quality
Charged twice for a single order Please help.,Medium,Payments & Refunds
Second order in a row with issues. Filing a warranty claim as per the 2-year coverage I want a refund NOW!,Medium,Other
I spent a lot on this. Filing a warranty claim as per the 2-year coverage This is unacceptable!,Low,Other
Second order in a row with issues. Order delayed by over a week past estimated date Can someone look into this?,Medium,Delivery
This was a gift for my mother. General query about unit usage and setup,Low,Other
I've been a customer for years. Order delayed by over a week past estimated date URGENT: please handle this immediately.,Medium,Delivery
I am requesting warranty repair for manufacturing defect URGENT: please handle this immediately.,Low,Other
I need this for work tomorrow. Charged twice for a single order I'm a bit frustrated.,Medium,Payments & Refunds
Product stopped working within a week of purchase I want a refund NOW!,Medium,Product Quality
Motor makes a loud noise and overheats quickly Please help.,Medium,Product Quality
Just received the package today. Received a different model than what was bought This is unacceptable!,High,Returns & Replacements
I ordered this last week. Received a different model than what was purchased Please help.,High,Returns & Replacements
I've been a customer for years. Requesting warranty repair for manufacturing defect Please help.,High,Other
I ordered this last week. General query about product usage and setup This is unacceptable!,Low,Other
Product stopped working within a week of purchase Please respond soon.,Critical,Product Quality
"This was a gift for my mother. Still not delivered, tracking shows no movement",Medium,Delivery
This was a gift for my mother. Received a different model than what was purchased This is the third time this has happened.,High,Returns & Replacements
"Wrong color variant delivered, ordered black got white This has been inconvenient.",Medium,Returns & Replacements
I ordered this last week. item malfunctioned within the warranty period This has been inconvenient.,High,Other
I am requesting user manual in a regional language Can someone look into this?,Low,Other
Received a different model than what was ordered!!!,High,Returns & Replacements
Material quality lower than shown in the images I want a refund NOW!,Medium,Product Quality
"Wrong color variant delivered, bought black got white",Medium,Returns & Replacements
Second order in a row with issues. Package contained a completely different unit Please help.,High,Returns & Replacements
I spent a lot on this. Glass component shattered during shipping Hoping this gets resolved quickly.,Critical,Product Quality
I spent a lot on this. Refund not credited despite return being approved URGENT: please handle this immediately.,Critical,Payments & Refunds
Second order in a row with issues. Order delayed by over a week past estimated date URGENT: please handle this immediately.,Medium,Delivery
I spent a lot on this. Package contained a completely different product I'm very disappointed.,Critical,Returns & Replacements
I ordered this last week. Charged twice for a single order,High,Payments & Refunds
General query about unit usage and setup Can someone look into this?,Low,Other
Requesting warranty repair for manufacturing defect This is the third time this has happened.,Low,Other
I need this for work tomorrow. item malfunctioned within the warranty period Please respond soon.,Low,Other
Received a different model than what was purchased This is the third time this has happened.,High,Returns & Replacements
I need this for work tomorrow. Material quality lower than shown in the images,High,Product Quality
"Wrong color variant delivered, ordered black got white!!!",Critical,Returns & Replacements
General query about product usage and setup I'm very disappointed.,Low,Other
Second order in a row with issues. Received a different model than what was ordered,High,Returns & Replacements
Received A Different Model Than What Was Ordered,High,Returns & Replacements
invoice amount does not match the order confirmation,High,Payments & Refunds
Product stopped working within a week of purchase,Medium,Product Quality
Just received the package today. Order delayed by over a week past estimated date I'm extremely frustrated!,High,Delivery
I spent a lot on this. Requesting warranty repair for manufacturing defect This has been inconvenient.,High,Other
Second order in a row with issues. Item too large to fit in the intended space I'm a bit frustrated.,Medium,Returns & Replacements
Glass component shattered during shipping This has been inconvenient.,Critical,Product Quality
I need this for work tomorrow. Product stopped working within a week of purchase I'm extremely frustrated!,Medium,Product Quality
I spent a lot on this. Product stopped working within a week of purchase Can someone look into this?,High,Product Quality
"Second order in a row with issues. Heating element not working, device won't turn on I'm very disappointed.",Critical,Product Quality
I need this for work tomorrow. Material quality lower than shown in the images This has been inconvenient.,Medium,Product Quality
I've been a customer for years. Material quality lower than shown in the images I want a refund NOW!,Medium,Product Quality
General query about product usage and setup Please respond soon.,Low,Other
"This was a gift for my mother. Still not delivered, tracking shows no movement I'm a bit frustrated.",Low,Delivery
Refund not credited despite return being approved This has been inconvenient.,Medium,Payments & Refunds
Just received the package today. Package contained a completely different product I want a refund NOW!,High,Returns & Replacements
I've been a customer for years. Item too large to fit in the intended space Please respond soon.,High,Returns & Replacements
I've been a customer for years. Package contained a completely different item Hoping this gets resolved quickly.,High,Returns & Replacements
I've been a customer for years. Product stopped working within a week of purchase URGENT: please handle this immediately.,High,Product Quality
"Just received the package today. Wrong color variant delivered, purchased black got white Please help.",Critical,Returns & Replacements
"I need this for work tomorrow. Still not delivered, tracking shows no movement URGENT: please handle this immediately.",High,Delivery
Just received the package today. Requesting warranty repair for manufacturing defect I'm extremely frustrated!,Low,Other
unit malfunctioned within the warranty period Hoping this gets resolved quickly.,Medium,Other
I ordered this last week. I am requesting user manual in a regional language Can someone look into this?,Low,Other
item stopped working within a week of purchase I'm very disappointed.,High,Product Quality
I've been a customer for years. Requesting user manual in a regional language,Low,Other
I spent a lot on this. Product features do not match what was advertised This is unacceptable!,High,Product Quality
"Just received the package today. Wrong color variant delivered, ordered black got white URGENT: please handle this immediately.",Critical,Returns & Replacements
product features do not match what was advertised,Medium,Product Quality
This was a gift for my mother. Capacity/wattage different from product listing Please respond soon.,Medium,Product Quality
I need this for work tomorrow. General query about product usage and setup Please help.,Low,Other
I ordered this last week. Refund not credited despite return being approved Please respond soon.,Medium,Payments & Refunds
Delivery partner missed the promised delivery window This has been inconvenient.,Medium,Delivery
unit dimensions do not match the listing Please help.,Medium,Returns & Replacements
I spent a lot on this. Asking about accessory availability for the model This has been inconvenient.,Low,Other
I've been a customer for years. Product dimensions do not match the listing,Low,Returns & Replacements
I need this for work tomorrow. Delivery partner missed the promised delivery window This is the third time this has happened.,High,Delivery
Just received the package today. Received a different model than what was ordered,Critical,Returns & Replacements
Just received the package today. Requesting user manual in a regional language This is unacceptable!,Low,Other
I ordered this last week. Requesting user manual in a regional language I want a refund NOW!,Low,Other
"Second order in a row with issues. Still not delivered, tracking shows no movement URGENT: please handle this immediately.",Critical,Delivery
I need this for work tomorrow. Capacity/wattage different from product listing I'm a bit frustrated.,Low,Product Quality
I've been a customer for years. Product features do not match what was advertised Can someone look into this?,Medium,Product Quality
General Query About Product Usage And Setup,Low,Other
unit features do not match what was advertised Please help.,High,Product Quality
Second order in a row with issues. Received a different model than what was bought I'm a bit frustrated.,Critical,Returns & Replacements
"I've been a customer for years. Outer packaging torn, item damaged on arrival This has been inconvenient.",Critical,Product Quality
I spent a lot on this. unit dimensions do not match the listing I'm a bit frustrated.,Low,Returns & Replacements
Requesting warranty repair for manufacturing defect Please help.,High,Other
I've been a customer for years. Filing a warranty claim as per the 2-year coverage Please respond soon.,High,Other
I need this for work tomorrow. Motor makes a loud noise and overheats quickly Please respond soon.,High,Product Quality
I spent a lot on this. Motor makes a loud noise and overheats quickly Please respond soon.,High,Product Quality
Second order in a row with issues. Requesting user manual in a regional language URGENT: please handle this immediately.,Low,Other
Just received the package today. General query about product usage and setup,Low,Other
I've been a customer for years. Asking about accessory availability for the model,Low,Other
unit stopped working within a week of purchase,Medium,Product Quality
I've been a customer for years. I am requesting warranty repair for manufacturing defect I'm extremely frustrated!,Low,Other
Second order in a row with issues. Product malfunctioned within the warranty period,Low,Other
I am requesting user manual in a regional language I'm very disappointed.,Low,Other
I ordered this last week. unit dimensions do not match the listing Please respond soon.,Medium,Returns & Replacements
I need this for work tomorrow. Requesting user manual in a regional language Can someone look into this?,Low,Other
I need this for work tomorrow. Received a different model than what was purchased Please help.,High,Returns & Replacements
Capacity/wattage different from unit listing URGENT: please handle this immediately.,High,Product Quality
I spent a lot on this. Requesting user manual in a regional language This has been inconvenient.,Low,Other
item features do not match what was advertised Please respond soon.,Medium,Product Quality
motor makes a loud noise and overheats quickly,High,Product Quality
I spent a lot on this. Package contained a completely different product Please respond soon.,Medium,Returns & Replacements
I spent a lot on this. Box arrived crushed and product has visible cracks I'm extremely frustrated!,High,Product Quality
I need this for work tomorrow. I am asking about accessory availability for the model I'm a bit frustrated.,Low,Other
This was a gift for my mother. Filing a warranty claim as per the 2-year coverage Hoping this gets resolved quickly.,Low,Other
I've been a customer for years. Charged twice for a single order I'm extremely frustrated!,High,Payments & Refunds
I've been a customer for years. I am asking about accessory availability for the model,Low,Other
Just received the package today. Requesting warranty repair for manufacturing defect Hoping this gets resolved quickly.,Medium,Other
General query about unit usage and setup This is unacceptable!,Low,Other
Package contained a completely different product!!!,High,Returns & Replacements
Second order in a row with issues. Material quality lower than shown in the images I'm very disappointed.,Medium,Product Quality
"I ordered this last week. Heating element not working, device won't turn on Please help.",High,Product Quality
I spent a lot on this. Order delayed by over a week past estimated date Hoping this gets resolved quickly.,Low,Delivery
received a different model than what was ordered,Medium,Returns & Replacements
Second order in a row with issues. Motor makes a loud noise and overheats quickly Please respond soon.,Medium,Product Quality
I need this for work tomorrow. Product malfunctioned within the warranty period,Medium,Other
I spent a lot on this. Package contained a completely different unit Can someone look into this?,Medium,Returns & Replacements
Second order in a row with issues. Charged twice for a single order Please respond soon.,Low,Payments & Refunds
Box Arrived Crushed And Product Has Visible Cracks,High,Product Quality
This was a gift for my mother. Package contained a completely different product Please help.,High,Returns & Replacements
item stopped working within a week of purchase This has been inconvenient.,Medium,Product Quality
Just received the package today. Charged twice for a single order Please respond soon.,High,Payments & Refunds
"Wrong color variant delivered, purchased black got white Hoping this gets resolved quickly.",Medium,Returns & Replacements
This was a gift for my mother. Product dimensions do not match the listing This is the third time this has happened.,Medium,Returns & Replacements
"I've been a customer for years. Buttons are unresponsive, unit does not power on I'm a bit frustrated.",High,Product Quality
I am asking about accessory availability for the model Hoping this gets resolved quickly.,Low,Other
This was a gift for my mother. Delivery partner missed the promised delivery window This is the third time this has happened.,Medium,Delivery
I spent a lot on this. Box arrived crushed and product has visible cracks Can someone look into this?,High,Product Quality
Just received the package today. Package contained a completely different item,Medium,Returns & Replacements
Just received the package today. Material quality lower than shown in the images Please help.,Medium,Product Quality
Just received the package today. Filing a warranty claim as per the 2-year coverage Can someone look into this?,Medium,Other
I've been a customer for years. Requesting warranty repair for manufacturing defect,Low,Other
General query about product usage and setup I'm a bit frustrated.,Low,Other
Box arrived crushed and unit has visible cracks Can someone look into this?,Critical,Product Quality
I need this for work tomorrow. Item too large to fit in the intended space I'm a bit frustrated.,Low,Returns & Replacements
Just received the package today. I am requesting user manual in a regional language,Low,Other
Second order in a row with issues. Refund not credited despite return being approved Hoping this gets resolved quickly.,Low,Payments & Refunds
This was a gift for my mother. Refund not credited despite return being approved Please help.,Medium,Payments & Refunds
"Heating element broken, device won't turn on Please respond soon.",Medium,Product Quality
I need this for work tomorrow. Refund not credited despite return being approved Can someone look into this?,Medium,Payments & Refunds
I've been a customer for years. General query about unit usage and setup Please respond soon.,Low,Other
Second order in a row with issues. Requesting user manual in a regional language Please respond soon.,Low,Other
"Outer packaging torn, item damaged on arrival",Critical,Product Quality
"I ordered this last week. Outer packaging torn, item damaged on arrival Hoping this gets resolved quickly.",Critical,Product Quality
"I need this for work tomorrow. Wrong color variant delivered, purchased black got white I'm a bit frustrated.",High,Returns & Replacements
I need this for work tomorrow. Glass component shattered during shipping Please help.,Critical,Product Quality
Second order in a row with issues. Filing a warranty claim as per the 2-year coverage Please help.,Medium,Other
delivery partner missed the promised delivery window,Medium,Delivery
Product features do not match what was advertised URGENT: please handle this immediately.,Medium,Product Quality
I need this for work tomorrow. Requesting user manual in a regional language I'm extremely frustrated!,Low,Other
I ordered this last week. Motor makes a loud noise and overheats quickly I'm a bit frustrated.,High,Product Quality
Second order in a row with issues. Refund not credited despite return being approved I want a refund NOW!,Medium,Payments & Refunds
I need this for work tomorrow. Package contained a completely different product I'm a bit frustrated.,High,Returns & Replacements
I spent a lot on this. Requesting warranty repair for manufacturing defect I want a refund NOW!,Low,Other
capacity/wattage different from product listing,Low,Product Quality
Second order in a row with issues. Product features do not match what was advertised Can someone look into this?,Low,Product Quality
Material quality lower than shown in the images!!!,Medium,Product Quality
Just received the package today. Asking about accessory availability for the model I want a refund NOW!,Low,Other
"I need this for work tomorrow. Still not delivered, tracking shows no movement Can someone look into this?",High,Delivery
I ordered this last week. Product features do not match what was advertised Hoping this gets resolved quickly.,Medium,Product Quality
"Buttons are unresponsive, unit does not power on!!!",Medium,Product Quality
This was a gift for my mother. Filing a warranty claim as per the 2-year coverage Please help.,Medium,Other
This was a gift for my mother. Asking about accessory availability for the model,Low,Other
Requesting warranty repair for manufacturing defect Hoping this gets resolved quickly.,Low,Other
This was a gift for my mother. Package contained a completely different product,High,Returns & Replacements
Order delayed by over a week past estimated date,Medium,Delivery
"Just received the package today. Outer packaging torn, item damaged on arrival",High,Product Quality
Item too large to fit in the intended space I'm very disappointed.,Low,Returns & Replacements
I need this for work tomorrow. Capacity/wattage different from product listing I want a refund NOW!,Medium,Product Quality
I need this for work tomorrow. Item too large to fit in the intended space This has been inconvenient.,Medium,Returns & Replacements
Just received the package today. Product features do not match what was advertised This has been inconvenient.,High,Product Quality
I need this for work tomorrow. Item too large to fit in the intended space,Low,Returns & Replacements
Requesting warranty repair for manufacturing defect URGENT: please handle this immediately.,Medium,Other
Just received the package today. General query about unit usage and setup Can someone look into this?,Low,Other
I am asking about accessory availability for the model This has been inconvenient.,Low,Other
Invoice amount does not match the order confirmation Please help.,Low,Payments & Refunds
Product malfunctioned within the warranty period Please respond soon.,Medium,Other
Material quality lower than shown in the images,Low,Product Quality
Glass component shattered during shipping I'm a bit frustrated.,Critical,Product Quality
I need this for work tomorrow. Delivery partner missed the promised delivery window Can someone look into this?,Medium,Delivery
"Second order in a row with issues. Wrong color variant delivered, purchased black got white This is the third time this has happened.",Critical,Returns & Replacements
item stopped working within a week of purchase Hoping this gets resolved quickly.,Critical,Product Quality
"still not delivered, tracking shows no movement",Medium,Delivery
Package contained a completely different unit Can someone look into this?,Critical,Returns & Replacements
"This was a gift for my mother. Wrong color variant delivered, bought black got white I'm extremely frustrated!",High,Returns & Replacements
Second order in a row with issues. Package contained a completely different product I'm extremely frustrated!,High,Returns & Replacements
This was a gift for my mother. General query about product usage and setup I'm extremely frustrated!,Low,Other
Product features do not match what was advertised I'm very disappointed.,Medium,Product Quality
I spent a lot on this. Product features do not match what was advertised,Low,Product Quality
Second order in a row with issues. Received a different model than what was bought Please help.,High,Returns & Replacements
This was a gift for my mother. Filing a warranty claim as per the 2-year coverage I'm a bit frustrated.,Low,Other
Requesting warranty repair for manufacturing defect!!!,Medium,Other
I spent a lot on this. Refund not credited despite return being approved Please respond soon.,High,Payments & Refunds
I ordered this last week. Package contained a completely different product Can someone look into this?,Medium,Returns & Replacements
I need this for work tomorrow. Received a different model than what was purchased This has been inconvenient.,Critical,Returns & Replacements
Product dimensions do not match the listing Please help.,Medium,Returns & Replacements
Box arrived crushed and item has visible cracks I'm extremely frustrated!,Critical,Product Quality
Just received the package today. Package contained a completely different product Please respond soon.,High,Returns & Replacements
I spent a lot on this. Product features do not match what was advertised Please help.,High,Product Quality
I need this for work tomorrow. I am requesting user manual in a regional language Please help.,Low,Other
I've been a customer for years. General query about unit usage and setup,Low,Other
Asking about accessory availability for the model!!!,Low,Other
This was a gift for my mother. Invoice amount does not match the order confirmation,High,Payments & Refunds
"I need this for work tomorrow. Outer packaging torn, item damaged on arrival",High,Product Quality
Delivery partner missed the promised delivery window,Medium,Delivery
Glass component shattered during shipping!!!,High,Product Quality
Filing a warranty claim as per the 2-year coverage This is the third time this has happened.,Medium,Other
Material quality lower than shown in the images Hoping this gets resolved quickly.,Medium,Product Quality
"I need this for work tomorrow. Still not delivered, tracking shows no movement Please respond soon.",Medium,Delivery
Order delayed by over a week past estimated date Hoping this gets resolved quickly.,High,Delivery
Just received the package today. Package contained a completely different item Can someone look into this?,High,Returns & Replacements
Item too large to fit in the intended space Hoping this gets resolved quickly.,Low,Returns & Replacements
I need this for work tomorrow. Requesting warranty repair for manufacturing defect Hoping this gets resolved quickly.,Low,Other
I've been a customer for years. Invoice amount does not match the order confirmation I'm very disappointed.,High,Payments & Refunds
Just received the package today. Received a different model than what was ordered I'm very disappointed.,Critical,Returns & Replacements
I spent a lot on this. Charged twice for a single order This has been inconvenient.,Medium,Payments & Refunds
Received a different model than what was ordered Please help.,High,Returns & Replacements
Capacity/wattage different from unit listing Hoping this gets resolved quickly.,Low,Product Quality
Just received the package today. Material quality lower than shown in the images Can someone look into this?,Medium,Product Quality
Second order in a row with issues. Capacity/wattage different from product listing This has been inconvenient.,Medium,Product Quality
"I need this for work tomorrow. Outer packaging torn, item damaged on arrival I want a refund NOW!",Critical,Product Quality
I ordered this last week. Invoice amount does not match the order confirmation I'm very disappointed.,High,Payments & Refunds
This was a gift for my mother. Filing a warranty claim as per the 2-year coverage Please respond soon.,High,Other
This was a gift for my mother. Package contained a completely different product Can someone look into this?,Medium,Returns & Replacements
Charged twice for a single order Please respond soon.,High,Payments & Refunds
This was a gift for my mother. item malfunctioned within the warranty period I'm very disappointed.,High,Other
asking about accessory availability for the model,Low,Other
I ordered this last week. Refund not credited despite return being approved,Medium,Payments & Refunds
"Just received the package today. Buttons are unresponsive, unit does not power on",High,Product Quality
Capacity/wattage different from product listing!!!,Medium,Product Quality
Just received the package today. Glass component shattered during shipping Hoping this gets resolved quickly.,Critical,Product Quality
"wrong color variant delivered, ordered black got white",High,Returns & Replacements
This was a gift for my mother. Order delayed by over a week past estimated date I'm a bit frustrated.,Medium,Delivery
Capacity/wattage different from product listing Hoping this gets resolved quickly.,Medium,Product Quality
